{
  "asof": "2026-01-16",
  "index": 51.22638274256708,
  "regime": "Elevated",
  "components": {
    "Capital Flow": 66.91084096563257,
    "Revenue Reality": 71.7392825650321,
    "Model Economics": 47.320445982367204,
    "Narrative": 20.55694018125106,
    "Macro Liquidity": 52.912890770268206,
    "Dispersion": 42.563227818226416,
    "Crowding": 27.948735003088593,
    "Volatility": 29.78953432856176,
    "Pricing Pressure": 99.91436141350322,
    "Expectation Load": 88.55177422875173
  },
  "interpretation": "Fragility is building; crowding or narrative decay may be increasing sensitivity."
}