{
  "asof": "2026-03-20",
  "index": 40.490107570916926,
  "regime": "Elevated",
  "components": {
    "Capital Flow": 49.267162512117565,
    "Revenue Reality": 43.76574779041638,
    "Model Economics": 29.011616324202787,
    "Narrative": 92.83800456635004,
    "Macro Liquidity": 3.8415651267684217,
    "Dispersion": 51.52008564151704,
    "Crowding": 36.105140962970026,
    "Volatility": 43.09336239203974,
    "Pricing Pressure": 33.749201508225816,
    "Expectation Load": 86.65347073486056
  },
  "interpretation": "Fragility is building; crowding or narrative decay may be increasing sensitivity."
}