{
  "asof": "2026-02-27",
  "index": 46.987458096080005,
  "regime": "Elevated",
  "components": {
    "Capital Flow": 20.013247017624206,
    "Revenue Reality": 21.117869154929547,
    "Model Economics": 59.10649773774181,
    "Narrative": 82.1118873627592,
    "Macro Liquidity": 48.429253953675406,
    "Dispersion": 60.01916696983012,
    "Crowding": 24.683444550392412,
    "Volatility": 48.90341980868673,
    "Pricing Pressure": 64.20289232598458,
    "Expectation Load": 88.70154897930456
  },
  "interpretation": "Fragility is building; crowding or narrative decay may be increasing sensitivity."
}