{
  "asof": "2026-03-13",
  "index": 40.09740399994559,
  "regime": "Elevated",
  "components": {
    "Capital Flow": 43.52443848838249,
    "Revenue Reality": 37.987495028774525,
    "Model Economics": 32.262555516816334,
    "Narrative": 94.24523988073872,
    "Macro Liquidity": 6.6865358142757305,
    "Dispersion": 36.55974943616958,
    "Crowding": 32.21445811838578,
    "Volatility": 42.06431153766138,
    "Pricing Pressure": 33.749201508225816,
    "Expectation Load": 87.11193090405678
  },
  "interpretation": "Fragility is building; crowding or narrative decay may be increasing sensitivity."
}