{
  "asof": "2026-03-27",
  "index": 32.20236087334508,
  "regime": "Warming",
  "components": {
    "Capital Flow": 28.360517267284425,
    "Revenue Reality": 25.85847763277029,
    "Model Economics": 32.34465492009974,
    "Narrative": 87.62664193214171,
    "Macro Liquidity": 0.9148638350978242,
    "Dispersion": 72.21183420120543,
    "Crowding": 41.4688779528356,
    "Volatility": 56.942781710211875,
    "Pricing Pressure": 33.749201508225816,
    "Expectation Load": 80.83355145647475
  },
  "interpretation": "Signals suggest stable positioning with contained stress; monitor for divergence shifts."
}