{
  "asof": "2026-02-13",
  "index": 37.43097460195773,
  "regime": "Warming",
  "components": {
    "Capital Flow": 34.05573167683301,
    "Revenue Reality": 44.58140305715251,
    "Model Economics": 68.06483647157607,
    "Narrative": 32.806101791113626,
    "Macro Liquidity": 23.87223993019706,
    "Dispersion": 29.435125500222174,
    "Crowding": 28.769486022568458,
    "Volatility": 52.99139236242239,
    "Pricing Pressure": 96.47569075976271,
    "Expectation Load": 87.48502435758813
  },
  "interpretation": "Signals suggest stable positioning with contained stress; monitor for divergence shifts."
}