{
  "asof": "2026-01-23",
  "index": 46.67418213749423,
  "regime": "Elevated",
  "components": {
    "Capital Flow": 63.03585587909362,
    "Revenue Reality": 62.72107620447864,
    "Model Economics": 32.66954360268714,
    "Narrative": 31.751381275132324,
    "Macro Liquidity": 44.69380578524723,
    "Dispersion": 62.866179027608396,
    "Crowding": 41.50310335113003,
    "Volatility": 27.673424002065644,
    "Pricing Pressure": 99.89140619485897,
    "Expectation Load": 89.54138858097654
  },
  "interpretation": "Fragility is building; crowding or narrative decay may be increasing sensitivity."
}