{
  "asof": "2026-02-06",
  "index": 28.209744379783302,
  "regime": "Warming",
  "components": {
    "Capital Flow": 30.37545810181257,
    "Revenue Reality": 42.25930647947321,
    "Model Economics": 36.21351856813755,
    "Narrative": 27.254307647137455,
    "Macro Liquidity": 16.37622490950561,
    "Dispersion": 75.92547928636864,
    "Crowding": 36.44251997150423,
    "Volatility": 45.576905527081344,
    "Pricing Pressure": 98.97515444319895,
    "Expectation Load": 89.39976773133684
  },
  "interpretation": "Signals suggest stable positioning with contained stress; monitor for divergence shifts."
}